Chidamber-Kemerer metrics,Tue, 28 Nov 2023 22:40:21 TRT
Class,CBO,DIT,LCOM,NOC,RFC,WMC
net.sf.freecol.FreeCol,68,0,6,0,155,207
net.sf.freecol.FreeCol.LogLevel,1,0,1,0,2,3
net.sf.freecol.client.ClientOptions,63,4,3,0,69,52
net.sf.freecol.client.FreeColClient,320,0,6,0,146,94
net.sf.freecol.client.control.ClientInputHandler,6,1,2,0,9,3
net.sf.freecol.client.control.ConnectController,37,1,1,0,101,60
net.sf.freecol.client.control.FreeColClientHolder,25,0,1,14,26,16
net.sf.freecol.client.control.InGameController,195,1,12,0,638,786
net.sf.freecol.client.control.InGameController.MoveMode,1,n/a,4,n/a,4,4
net.sf.freecol.client.control.MapEditorController,32,1,2,0,69,24
net.sf.freecol.client.control.MapTransform,12,0,2,6,3,2
net.sf.freecol.client.control.PreGameController,46,1,18,0,92,39
net.sf.freecol.client.control.SoundController,11,0,1,0,15,16
net.sf.freecol.client.gui.Canvas,40,0,3,0,119,199
net.sf.freecol.client.gui.Canvas.ToolBoxFrame,1,0,0,0,0,0
net.sf.freecol.client.gui.CanvasMapEditorMouseListener,12,1,3,0,32,36
net.sf.freecol.client.gui.CanvasMouseListener,4,1,5,0,15,17
net.sf.freecol.client.gui.CanvasMouseMotionListener,5,1,1,0,8,4
net.sf.freecol.client.gui.ChoiceItem,32,0,7,0,26,30
net.sf.freecol.client.gui.DialogHandler,n/a,n/a,n/a,n/a,1,n/a
net.sf.freecol.client.gui.FontLibrary,41,0,2,0,18,33
net.sf.freecol.client.gui.FontLibrary.FontType,1,n/a,2,n/a,2,0
net.sf.freecol.client.gui.FrameMotionListener,1,0,1,0,4,7
net.sf.freecol.client.gui.FreeColFrame,9,0,6,0,13,14
net.sf.freecol.client.gui.FullScreenFrameListener,2,0,7,0,12,9
net.sf.freecol.client.gui.GUI,219,1,159,1,292,257
net.sf.freecol.client.gui.GUI.ViewMode,7,n/a,2,n/a,2,0
net.sf.freecol.client.gui.GrayLayer,11,0,1,0,15,12
net.sf.freecol.client.gui.ImageLibrary,151,0,6,0,241,270
net.sf.freecol.client.gui.ImageLibrary.PathType,4,n/a,4,n/a,10,8
net.sf.freecol.client.gui.LoadingSavegameInfo,5,0,5,0,6,6
net.sf.freecol.client.gui.ModifierFormat,21,0,2,0,22,23
net.sf.freecol.client.gui.ScrollThread,5,0,1,0,7,10
net.sf.freecol.client.gui.Scrolling,12,1,1,0,19,20
net.sf.freecol.client.gui.Size,1,n/a,4,n/a,8,9
net.sf.freecol.client.gui.SplashScreen,2,0,0,0,1,1
net.sf.freecol.client.gui.SwingGUI,93,2,3,0,464,355
net.sf.freecol.client.gui.SwingGUI.PopupPosition,4,n/a,2,n/a,2,0
net.sf.freecol.client.gui.TilePopup,29,0,2,0,92,54
net.sf.freecol.client.gui.Widgets,112,0,1,0,172,109
net.sf.freecol.client.gui.Widgets.DialogCallback,6,0,1,0,3,4
net.sf.freecol.client.gui.WindowedFrameListener,3,1,7,0,14,9
net.sf.freecol.client.gui.action.AboutAction,6,1,1,0,5,2
net.sf.freecol.client.gui.action.ActionManager,101,4,4,0,108,23
net.sf.freecol.client.gui.action.AssignTradeRouteAction,7,3,2,0,9,5
net.sf.freecol.client.gui.action.AttackRangedAction,8,3,2,0,13,5
net.sf.freecol.client.gui.action.BuildColonyAction,10,3,2,0,16,4
net.sf.freecol.client.gui.action.CenterAction,8,3,1,0,7,4
net.sf.freecol.client.gui.action.ChangeAction,11,3,3,0,21,13
net.sf.freecol.client.gui.action.ChangeWindowedModeAction,7,3,1,0,5,3
net.sf.freecol.client.gui.action.ChatAction,5,1,2,0,11,3
net.sf.freecol.client.gui.action.ClearOrdersAction,7,3,1,0,7,2
net.sf.freecol.client.gui.action.ColopediaAction,6,1,1,0,8,2
net.sf.freecol.client.gui.action.ColopediaAction.PanelType,15,n/a,3,n/a,4,1
net.sf.freecol.client.gui.action.ContinueAction,9,1,1,0,14,5
net.sf.freecol.client.gui.action.DebugAction,6,1,1,0,8,4
net.sf.freecol.client.gui.action.DeclareIndependenceAction,8,2,2,0,9,3
net.sf.freecol.client.gui.action.DetermineHighSeasAction,7,1,2,0,10,4
net.sf.freecol.client.gui.action.DisbandUnitAction,7,3,1,0,8,2
net.sf.freecol.client.gui.action.DisplayBordersAction,7,3,1,0,9,2
net.sf.freecol.client.gui.action.DisplayFogOfWarAction,11,3,2,0,14,4
net.sf.freecol.client.gui.action.DisplayGridAction,8,3,1,0,9,2
net.sf.freecol.client.gui.action.DisplayTileTextAction,11,3,1,0,13,4
net.sf.freecol.client.gui.action.DisplayTileTextAction.DisplayText,5,n/a,3,n/a,4,1
net.sf.freecol.client.gui.action.EndTurnAction,7,2,1,0,5,2
net.sf.freecol.client.gui.action.EuropeAction,7,2,2,0,10,3
net.sf.freecol.client.gui.action.ExecuteGotoOrdersAction,6,2,1,0,5,2
net.sf.freecol.client.gui.action.FindSettlementAction,6,2,1,0,5,2
net.sf.freecol.client.gui.action.FortifyAction,9,3,1,0,11,3
net.sf.freecol.client.gui.action.FreeColAction,101,0,6,39,55,41
net.sf.freecol.client.gui.action.FreeColAction.InnerMenuKeyListener,1,0,3,0,5,5
net.sf.freecol.client.gui.action.GotoAction,8,3,2,0,10,4
net.sf.freecol.client.gui.action.GotoTileAction,7,3,2,0,9,3
net.sf.freecol.client.gui.action.ImprovementAction,11,3,1,0,15,5
net.sf.freecol.client.gui.action.LoadAction,15,2,2,0,18,7
net.sf.freecol.client.gui.action.MapControlsAction,8,3,1,0,11,3
net.sf.freecol.client.gui.action.MapEditorAction,5,1,1,0,5,2
net.sf.freecol.client.gui.action.MapboardAction,25,1,1,20,9,2
net.sf.freecol.client.gui.action.MiniMapToggleFogOfWarAction,7,2,1,0,12,6
net.sf.freecol.client.gui.action.MiniMapToggleViewAction,7,2,1,0,12,6
net.sf.freecol.client.gui.action.MiniMapZoomInAction,6,2,2,0,13,4
net.sf.freecol.client.gui.action.MiniMapZoomOutAction,6,2,2,0,13,4
net.sf.freecol.client.gui.action.MoveAction,9,2,1,0,12,8
net.sf.freecol.client.gui.action.NewAction,7,1,1,0,6,2
net.sf.freecol.client.gui.action.NewEmptyMapAction,9,2,2,0,14,4
net.sf.freecol.client.gui.action.OpenAction,8,1,1,0,8,3
net.sf.freecol.client.gui.action.PreferencesAction,7,1,1,0,5,2
net.sf.freecol.client.gui.action.QuitAction,6,1,1,0,4,2
net.sf.freecol.client.gui.action.ReconnectAction,5,1,1,0,5,2
net.sf.freecol.client.gui.action.RenameAction,7,3,1,0,7,2
net.sf.freecol.client.gui.action.ReportCargoAction,5,1,1,0,5,2
net.sf.freecol.client.gui.action.ReportColonyAction,5,1,1,0,5,2
net.sf.freecol.client.gui.action.ReportContinentalCongressAction,5,1,1,0,5,2
net.sf.freecol.client.gui.action.ReportEducationAction,5,1,1,0,5,2
net.sf.freecol.client.gui.action.ReportExplorationAction,5,1,1,0,5,2
net.sf.freecol.client.gui.action.ReportForeignAction,5,1,1,0,5,2
net.sf.freecol.client.gui.action.ReportHighScoresAction,5,1,1,0,5,2
net.sf.freecol.client.gui.action.ReportHistoryAction,5,1,1,0,5,2
net.sf.freecol.client.gui.action.ReportIndianAction,5,1,1,0,5,2
net.sf.freecol.client.gui.action.ReportLabourAction,7,1,1,0,8,3
net.sf.freecol.client.gui.action.ReportMilitaryAction,5,1,1,0,5,2
net.sf.freecol.client.gui.action.ReportNavalAction,5,1,1,0,5,2
net.sf.freecol.client.gui.action.ReportProductionAction,5,1,1,0,5,2
net.sf.freecol.client.gui.action.ReportReligionAction,5,1,1,0,5,2
net.sf.freecol.client.gui.action.ReportRequirementsAction,5,1,1,0,5,2
net.sf.freecol.client.gui.action.ReportTradeAction,5,1,1,0,5,2
net.sf.freecol.client.gui.action.ReportTurnAction,5,1,1,0,5,2
net.sf.freecol.client.gui.action.RetireAction,6,1,1,0,8,3
net.sf.freecol.client.gui.action.SaveAction,8,1,1,0,12,6
net.sf.freecol.client.gui.action.SaveAndQuitAction,7,1,1,0,13,7
net.sf.freecol.client.gui.action.ScaleMapAction,7,1,2,0,15,5
net.sf.freecol.client.gui.action.SelectableAction,12,2,1,6,12,9
net.sf.freecol.client.gui.action.SentryAction,9,3,1,0,8,2
net.sf.freecol.client.gui.action.ShowDifficultyAction,5,1,1,0,5,2
net.sf.freecol.client.gui.action.ShowGameOptionsAction,5,1,1,0,5,2
net.sf.freecol.client.gui.action.ShowMainAction,6,1,1,0,6,2
net.sf.freecol.client.gui.action.ShowMapGeneratorOptionsAction,5,1,1,0,5,2
net.sf.freecol.client.gui.action.SkipUnitAction,9,3,1,0,10,5
net.sf.freecol.client.gui.action.StartMapAction,12,1,1,0,17,3
net.sf.freecol.client.gui.action.TilePopupAction,6,2,1,0,6,2
net.sf.freecol.client.gui.action.ToggleViewModeAction,7,2,1,0,9,5
net.sf.freecol.client.gui.action.TradeRouteAction,6,2,1,0,5,2
net.sf.freecol.client.gui.action.UnitAction,21,2,1,15,9,2
net.sf.freecol.client.gui.action.UnloadAction,10,2,1,0,15,7
net.sf.freecol.client.gui.action.WaitAction,6,3,1,0,6,2
net.sf.freecol.client.gui.action.ZoomInAction,8,2,2,0,11,4
net.sf.freecol.client.gui.action.ZoomOutAction,8,2,2,0,11,4
net.sf.freecol.client.gui.animation.Animation,7,0,4,2,5,4
net.sf.freecol.client.gui.animation.Animations,9,0,1,0,13,11
net.sf.freecol.client.gui.animation.Animations.Procedure,n/a,n/a,n/a,n/a,1,n/a
net.sf.freecol.client.gui.animation.UnitImageAnimation,14,1,1,0,16,18
net.sf.freecol.client.gui.animation.UnitMoveAnimation,8,1,1,0,7,7
net.sf.freecol.client.gui.dialog.CaptureGoodsDialog,14,1,1,0,22,19
net.sf.freecol.client.gui.dialog.CaptureGoodsDialog.CheckBoxRenderer,3,0,1,0,5,4
net.sf.freecol.client.gui.dialog.CaptureGoodsDialog.GoodsItem,7,0,1,0,12,5
net.sf.freecol.client.gui.dialog.ChooseFoundingFatherDialog,12,1,1,0,19,4
net.sf.freecol.client.gui.dialog.ClientOptionsDialog,8,3,0,0,10,2
net.sf.freecol.client.gui.dialog.ConfirmDeclarationDialog,20,1,4,0,59,16
net.sf.freecol.client.gui.dialog.ConfirmDeclarationDialog.ColorButton,2,0,2,0,4,5
net.sf.freecol.client.gui.dialog.ConfirmDeclarationDialog.EnumRenderer,3,1,1,0,2,2
net.sf.freecol.client.gui.dialog.DifficultyDialog,11,3,6,0,24,12
net.sf.freecol.client.gui.dialog.DumpCargoDialog,12,1,1,0,18,7
net.sf.freecol.client.gui.dialog.EditOptionDialog,7,2,1,0,10,3
net.sf.freecol.client.gui.dialog.EditSettlementDialog,29,1,1,0,65,27
net.sf.freecol.client.gui.dialog.EmigrationDialog,13,2,0,0,16,3
net.sf.freecol.client.gui.dialog.EndTurnDialog,15,2,1,0,22,10
net.sf.freecol.client.gui.dialog.EndTurnDialog.UnitCellRenderer,6,0,1,0,7,7
net.sf.freecol.client.gui.dialog.EndTurnDialog.UnitWrapper,6,0,0,0,7,2
net.sf.freecol.client.gui.dialog.FirstContactDialog,13,2,0,0,18,6
net.sf.freecol.client.gui.dialog.Flag,7,0,2,0,49,160
net.sf.freecol.client.gui.dialog.Flag.Alignment,3,n/a,2,n/a,2,0
net.sf.freecol.client.gui.dialog.Flag.Background,4,n/a,2,n/a,3,1
net.sf.freecol.client.gui.dialog.Flag.Decoration,5,n/a,4,n/a,6,5
net.sf.freecol.client.gui.dialog.Flag.UnionPosition,5,n/a,2,n/a,3,1
net.sf.freecol.client.gui.dialog.Flag.UnionShape,4,n/a,2,n/a,2,0
net.sf.freecol.client.gui.dialog.FreeColChoiceDialog,10,1,1,2,10,4
net.sf.freecol.client.gui.dialog.FreeColConfirmDialog,16,1,1,8,12,3
net.sf.freecol.client.gui.dialog.FreeColDialog,44,0,2,15,43,59
net.sf.freecol.client.gui.dialog.FreeColDialog.DialogType,16,n/a,2,n/a,2,0
net.sf.freecol.client.gui.dialog.FreeColInputDialog,11,1,2,4,16,7
net.sf.freecol.client.gui.dialog.FreeColStringInputDialog,5,2,1,0,6,4
net.sf.freecol.client.gui.dialog.GameOptionsDialog,10,3,0,0,13,4
net.sf.freecol.client.gui.dialog.LoadDialog,7,1,1,0,8,6
net.sf.freecol.client.gui.dialog.LoadingSavegameDialog,7,2,1,0,16,12
net.sf.freecol.client.gui.dialog.MapGeneratorOptionsDialog,17,3,2,0,29,11
net.sf.freecol.client.gui.dialog.MapSizeDialog,5,2,1,0,8,4
net.sf.freecol.client.gui.dialog.MonarchDialog,12,1,0,0,23,8
net.sf.freecol.client.gui.dialog.NativeDemandDialog,14,2,0,0,16,3
net.sf.freecol.client.gui.dialog.NegotiationDialog,47,1,3,0,100,71
net.sf.freecol.client.gui.dialog.NegotiationDialog.ColonyTradeItemPanel,8,1,1,0,13,13
net.sf.freecol.client.gui.dialog.NegotiationDialog.GoldTradeItemPanel,8,1,1,0,14,8
net.sf.freecol.client.gui.dialog.NegotiationDialog.GoodsTradeItemPanel,10,1,1,0,14,14
net.sf.freecol.client.gui.dialog.NegotiationDialog.GoodsTradeItemPanel.GoodsBoxRenderer,4,0,1,0,3,2
net.sf.freecol.client.gui.dialog.NegotiationDialog.InciteTradeItemPanel,11,1,1,0,14,11
net.sf.freecol.client.gui.dialog.NegotiationDialog.InciteTradeItemPanel.InciteBoxRenderer,3,0,1,0,3,2
net.sf.freecol.client.gui.dialog.NegotiationDialog.RemoveAction,3,0,1,0,4,2
net.sf.freecol.client.gui.dialog.NegotiationDialog.StanceTradeItemPanel,9,1,1,0,13,14
net.sf.freecol.client.gui.dialog.NegotiationDialog.StanceTradeItemPanel.StanceBoxRenderer,3,0,1,0,2,2
net.sf.freecol.client.gui.dialog.NegotiationDialog.UnitTradeItemPanel,9,1,1,0,11,12
net.sf.freecol.client.gui.dialog.NegotiationDialog.UnitTradeItemPanel.UnitBoxRenderer,2,0,1,0,2,2
net.sf.freecol.client.gui.dialog.OptionsDialog,19,2,1,4,38,30
net.sf.freecol.client.gui.dialog.Parameters,5,0,0,0,1,1
net.sf.freecol.client.gui.dialog.ParametersDialog,8,1,1,0,15,7
net.sf.freecol.client.gui.dialog.PreCombatDialog,21,2,1,0,22,14
net.sf.freecol.client.gui.dialog.RiverStyleDialog,7,2,0,0,9,2
net.sf.freecol.client.gui.dialog.SaveDialog,6,1,1,0,8,7
net.sf.freecol.client.gui.dialog.ScaleMapSizeDialog,10,1,1,0,19,7
net.sf.freecol.client.gui.dialog.SelectAmountDialog,10,2,2,0,12,17
net.sf.freecol.client.gui.dialog.SelectDestinationDialog,29,1,1,0,62,31
net.sf.freecol.client.gui.dialog.SelectDestinationDialog.Destination,20,0,5,0,30,37
net.sf.freecol.client.gui.dialog.SelectDestinationDialog.LocationRenderer,5,1,1,0,4,2
net.sf.freecol.client.gui.dialog.SelectTributeAmountDialog,6,2,1,0,7,4
net.sf.freecol.client.gui.dialog.VictoryDialog,8,2,0,0,9,1
net.sf.freecol.client.gui.dialog.WarehouseDialog,13,2,1,0,16,6
net.sf.freecol.client.gui.dialog.WarehouseDialog.WarehouseGoodsPanel,19,1,1,0,29,8
net.sf.freecol.client.gui.images.BaseTileTransitionImageCreator,9,0,1,0,25,26
net.sf.freecol.client.gui.images.BeachTileAnimationImageCreator,8,0,1,0,16,9
net.sf.freecol.client.gui.images.DeltaAnimationImageCreator,7,0,1,0,14,9
net.sf.freecol.client.gui.images.ImageCreators,6,0,4,0,9,5
net.sf.freecol.client.gui.images.RiverAnimationImageCreator,9,0,2,0,26,20
net.sf.freecol.client.gui.label.AbstractGoodsLabel,15,1,6,3,25,20
net.sf.freecol.client.gui.label.CargoLabel,n/a,n/a,n/a,n/a,3,n/a
net.sf.freecol.client.gui.label.Draggable,n/a,n/a,n/a,n/a,1,n/a
net.sf.freecol.client.gui.label.FreeColLabel,3,0,0,3,2,2
net.sf.freecol.client.gui.label.GoodsLabel,31,2,1,0,29,11
net.sf.freecol.client.gui.label.GoodsTypeLabel,13,1,2,0,14,9
net.sf.freecol.client.gui.label.MarketLabel,21,2,5,0,30,15
net.sf.freecol.client.gui.label.ProductionLabel,18,2,1,0,25,25
net.sf.freecol.client.gui.label.UnitLabel,49,1,1,0,72,53
net.sf.freecol.client.gui.label.UnitLabel.UnitAction,2,n/a,2,n/a,2,0
net.sf.freecol.client.gui.mapviewer.CanvasMapViewer,7,0,1,0,16,14
net.sf.freecol.client.gui.mapviewer.ChatDisplay,7,0,1,0,12,10
net.sf.freecol.client.gui.mapviewer.GUIMessage,3,0,3,0,4,4
net.sf.freecol.client.gui.mapviewer.MapViewer,59,1,1,0,198,148
net.sf.freecol.client.gui.mapviewer.MapViewer.BorderType,1,n/a,2,n/a,2,0
net.sf.freecol.client.gui.mapviewer.MapViewer.TextSpecification,1,0,0,0,1,1
net.sf.freecol.client.gui.mapviewer.MapViewer.TileClippingBounds,6,0,6,0,15,7
net.sf.freecol.client.gui.mapviewer.MapViewer.TileRenderingCallback,n/a,n/a,n/a,n/a,1,n/a
net.sf.freecol.client.gui.mapviewer.MapViewerBounds,10,0,1,0,40,77
net.sf.freecol.client.gui.mapviewer.MapViewerRepaintManager,6,0,1,0,25,30
net.sf.freecol.client.gui.mapviewer.MapViewerScaledUtils,5,0,1,0,20,14
net.sf.freecol.client.gui.mapviewer.MapViewerState,13,0,3,0,34,34
net.sf.freecol.client.gui.mapviewer.RoadPainter,7,0,1,0,11,10
net.sf.freecol.client.gui.mapviewer.TerrainCursor,2,0,1,0,7,12
net.sf.freecol.client.gui.mapviewer.TileBounds,5,0,3,0,6,7
net.sf.freecol.client.gui.mapviewer.TileViewer,31,1,1,0,109,112
net.sf.freecol.client.gui.mapviewer.UnitAnimator,9,0,1,0,16,10
net.sf.freecol.client.gui.menu.DebugMenu,19,0,1,0,59,10
net.sf.freecol.client.gui.menu.FreeColMenuBar,15,0,4,2,21,16
net.sf.freecol.client.gui.menu.FreeColMenuTest,5,0,2,0,13,10
net.sf.freecol.client.gui.menu.InGameMenuBar,81,1,1,0,36,14
net.sf.freecol.client.gui.menu.MapEditorMenuBar,24,1,1,0,17,7
net.sf.freecol.client.gui.menu.MenuMouseMotionListener,2,0,2,0,4,3
net.sf.freecol.client.gui.option.AbstractUnitOptionUI,21,1,3,0,41,9
net.sf.freecol.client.gui.option.AbstractUnitOptionUI.AbstractUnitRenderer,5,1,1,0,4,1
net.sf.freecol.client.gui.option.AbstractUnitOptionUI.RoleRenderer,3,1,1,0,2,2
net.sf.freecol.client.gui.option.AudioMixerOptionUI,6,1,4,0,16,10
net.sf.freecol.client.gui.option.BooleanOptionUI,5,1,1,0,13,8
net.sf.freecol.client.gui.option.FileOptionUI,7,1,2,0,15,14
net.sf.freecol.client.gui.option.FreeColActionUI,6,1,5,0,20,15
net.sf.freecol.client.gui.option.FreeColActionUI.BlinkingLabel,4,0,8,0,18,18
net.sf.freecol.client.gui.option.IntegerOptionUI,3,1,1,0,12,6
net.sf.freecol.client.gui.option.LanguageOptionUI,4,1,1,0,11,4
net.sf.freecol.client.gui.option.ListOptionUI,8,1,5,0,28,28
net.sf.freecol.client.gui.option.ModOptionUI,8,1,3,0,22,10
net.sf.freecol.client.gui.option.ModOptionUI.BoxRenderer,4,1,1,0,3,3
net.sf.freecol.client.gui.option.ModOptionUI.ModOptionRenderer,5,1,1,0,5,3
net.sf.freecol.client.gui.option.OptionGroupUI,16,1,1,0,31,30
net.sf.freecol.client.gui.option.OptionGroupUI.OptionTree,4,0,1,0,4,2
net.sf.freecol.client.gui.option.OptionUI,41,0,6,14,36,28
net.sf.freecol.client.gui.option.OptionUpdater,n/a,n/a,n/a,n/a,2,n/a
net.sf.freecol.client.gui.option.PercentageOptionUI,4,2,1,0,10,3
net.sf.freecol.client.gui.option.RangeOptionUI,5,2,2,0,11,5
net.sf.freecol.client.gui.option.SelectOptionUI,4,1,1,0,12,6
net.sf.freecol.client.gui.option.SliderOptionUI,5,1,2,2,11,5
net.sf.freecol.client.gui.option.StringOptionUI,4,1,1,0,11,4
net.sf.freecol.client.gui.option.TextOptionUI,2,1,1,0,9,4
net.sf.freecol.client.gui.option.UnitTypeOptionUI,5,1,1,0,10,4
net.sf.freecol.client.gui.option.UnitTypeOptionUI.ChoiceRenderer,4,1,1,0,3,2
net.sf.freecol.client.gui.panel.AboutPanel,8,2,1,0,13,4
net.sf.freecol.client.gui.panel.BuildQueuePanel,35,2,1,0,83,76
net.sf.freecol.client.gui.panel.BuildQueuePanel.BuildQueueMouseAdapter,5,0,1,0,7,11
net.sf.freecol.client.gui.panel.BuildQueuePanel.BuildQueueTransferHandler,8,0,2,0,14,27
net.sf.freecol.client.gui.panel.BuildQueuePanel.BuildQueueTransferHandler.BuildablesTransferable,5,0,1,0,6,6
net.sf.freecol.client.gui.panel.BuildQueuePanel.DefaultBuildQueueCellRenderer,8,0,1,0,12,6
net.sf.freecol.client.gui.panel.BuildQueuePanel.IndexedBuildable,3,0,2,0,3,3
net.sf.freecol.client.gui.panel.BuildingPanel,28,1,1,1,39,24
net.sf.freecol.client.gui.panel.BuildingPanel.UpkeepLabel,2,0,1,0,6,2
net.sf.freecol.client.gui.panel.CargoPanel,24,2,2,1,45,29
net.sf.freecol.client.gui.panel.ChatPanel,6,2,1,0,12,8
net.sf.freecol.client.gui.panel.ClassicMapControls,10,2,2,0,18,9
net.sf.freecol.client.gui.panel.ColonyPanel,52,3,2,0,176,107
net.sf.freecol.client.gui.panel.ColonyPanel.BuildingsPanel,8,1,2,0,14,12
net.sf.freecol.client.gui.panel.ColonyPanel.BuildingsPanel.ASingleBuildingPanel,13,2,6,0,28,18
net.sf.freecol.client.gui.panel.ColonyPanel.ColonyCargoPanel,3,3,1,0,6,2
net.sf.freecol.client.gui.panel.ColonyPanel.ColonyInPortPanel,11,3,3,0,19,9
net.sf.freecol.client.gui.panel.ColonyPanel.OutsideColonyPanel,16,2,8,0,32,19
net.sf.freecol.client.gui.panel.ColonyPanel.PopulationPanel,12,1,3,0,29,10
net.sf.freecol.client.gui.panel.ColonyPanel.TilesPanel,13,0,2,0,20,18
net.sf.freecol.client.gui.panel.ColonyPanel.TilesPanel.ASingleTilePanel,31,0,3,0,61,35
net.sf.freecol.client.gui.panel.ColonyPanel.WarehousePanel,20,1,6,0,33,23
net.sf.freecol.client.gui.panel.ColorCellEditor,5,0,1,0,8,10
net.sf.freecol.client.gui.panel.ColorCellRenderer,3,0,1,0,5,4
net.sf.freecol.client.gui.panel.ColorChooserPanel,5,2,2,0,8,4
net.sf.freecol.client.gui.panel.ConstructionPanel,20,1,1,0,33,17
net.sf.freecol.client.gui.panel.CornerMapControls,15,2,1,0,25,28
net.sf.freecol.client.gui.panel.CornerMapControls.MiniMapPanelSkin,1,0,1,0,2,3
net.sf.freecol.client.gui.panel.DeclarationPanel,7,2,2,0,15,8
net.sf.freecol.client.gui.panel.DeclarationPanel.SignaturePanel,5,0,1,0,12,22
net.sf.freecol.client.gui.panel.DefaultTransferHandler,32,0,3,0,61,62
net.sf.freecol.client.gui.panel.DefaultTransferHandler.FreeColDragGestureRecognizer,1,0,3,0,4,4
net.sf.freecol.client.gui.panel.DefaultTransferHandler.FreeColDragHandler,3,0,5,0,11,15
net.sf.freecol.client.gui.panel.DragListener,17,0,1,0,22,19
net.sf.freecol.client.gui.panel.DropListener,3,0,1,0,1,3
net.sf.freecol.client.gui.panel.DropTarget,n/a,n/a,n/a,n/a,5,n/a
net.sf.freecol.client.gui.panel.ErrorPanel,8,2,1,0,16,6
net.sf.freecol.client.gui.panel.EuropePanel,33,3,3,0,74,22
net.sf.freecol.client.gui.panel.EuropePanel.DestinationPanel,23,0,6,0,42,25
net.sf.freecol.client.gui.panel.EuropePanel.EuropeAction,1,n/a,2,n/a,2,0
net.sf.freecol.client.gui.panel.EuropePanel.EuropeButton,2,1,0,0,1,1
net.sf.freecol.client.gui.panel.EuropePanel.EuropeInPortPanel,5,3,2,0,10,6
net.sf.freecol.client.gui.panel.EuropePanel.EuropeanDocksPanel,8,2,8,0,16,10
net.sf.freecol.client.gui.panel.EuropePanel.MarketPanel,19,0,6,0,27,17
net.sf.freecol.client.gui.panel.EuropePanel.TransactionLog,8,0,3,0,14,7
net.sf.freecol.client.gui.panel.EventPanel,6,2,0,0,7,4
net.sf.freecol.client.gui.panel.FindSettlementPanel,13,2,1,0,31,26
net.sf.freecol.client.gui.panel.FindSettlementPanel.DisplayListOption,1,n/a,2,n/a,2,0
net.sf.freecol.client.gui.panel.FindSettlementPanel.SettlementRenderer,7,1,1,0,11,3
net.sf.freecol.client.gui.panel.FreeColButton,10,0,1,2,8,8
net.sf.freecol.client.gui.panel.FreeColButton.ButtonStyle,8,n/a,2,n/a,2,0
net.sf.freecol.client.gui.panel.FreeColImageBorder,11,0,1,0,17,31
net.sf.freecol.client.gui.panel.FreeColPanel,110,1,6,31,37,29
net.sf.freecol.client.gui.panel.FreeColProgressBar,13,0,1,0,17,20
net.sf.freecol.client.gui.panel.GoodsTypePanel,9,1,2,2,12,15
net.sf.freecol.client.gui.panel.ImageSelection,1,0,1,0,4,5
net.sf.freecol.client.gui.panel.InPortPanel,7,2,1,2,9,8
net.sf.freecol.client.gui.panel.IndianSettlementPanel,16,2,0,0,36,14
net.sf.freecol.client.gui.panel.InfoPanel,31,2,1,0,72,71
net.sf.freecol.client.gui.panel.InfoPanel.InfoPanelMode,1,n/a,2,n/a,2,0
net.sf.freecol.client.gui.panel.InformationPanel,14,2,2,0,28,12
net.sf.freecol.client.gui.panel.MainPanel,18,2,2,0,15,5
net.sf.freecol.client.gui.panel.MapControls,19,1,3,2,36,22
net.sf.freecol.client.gui.panel.MapEditorTransformPanel,27,2,2,0,41,12
net.sf.freecol.client.gui.panel.MapEditorTransformPanel.LostCityRumourTransform,5,1,1,0,7,3
net.sf.freecol.client.gui.panel.MapEditorTransformPanel.ResourceTransform,9,1,1,0,12,7
net.sf.freecol.client.gui.panel.MapEditorTransformPanel.RiverStyleTransform,4,1,1,0,7,6
net.sf.freecol.client.gui.panel.MapEditorTransformPanel.RiverTransform,8,1,1,0,12,7
net.sf.freecol.client.gui.panel.MapEditorTransformPanel.SettlementTransform,13,1,1,0,16,3
net.sf.freecol.client.gui.panel.MapEditorTransformPanel.TileTypeTransform,5,1,1,0,5,3
net.sf.freecol.client.gui.panel.MigPanel,58,0,2,17,5,6
net.sf.freecol.client.gui.panel.MiniMap,14,0,6,0,55,48
net.sf.freecol.client.gui.panel.NewPanel,21,2,1,0,60,57
net.sf.freecol.client.gui.panel.NewPanel.NewPanelAction,1,n/a,2,n/a,2,0
net.sf.freecol.client.gui.panel.NewUnitPanel,17,2,1,2,30,10
net.sf.freecol.client.gui.panel.PlayersTable,24,0,1,0,27,6
net.sf.freecol.client.gui.panel.PlayersTable.AdvantageCellEditor,3,0,1,0,4,3
net.sf.freecol.client.gui.panel.PlayersTable.AdvantageCellRenderer,8,0,1,0,9,7
net.sf.freecol.client.gui.panel.PlayersTable.AvailableCellEditor,6,0,1,0,6,6
net.sf.freecol.client.gui.panel.PlayersTable.AvailableCellRenderer,5,0,1,0,5,3
net.sf.freecol.client.gui.panel.PlayersTable.HeaderListener,2,0,1,0,4,3
net.sf.freecol.client.gui.panel.PlayersTable.HeaderRenderer,2,0,1,0,3,4
net.sf.freecol.client.gui.panel.PlayersTable.NationCellRenderer,7,0,1,0,7,1
net.sf.freecol.client.gui.panel.PlayersTable.NationStateRenderer,4,0,1,0,2,1
net.sf.freecol.client.gui.panel.PlayersTable.PlayerCellEditor,2,0,2,0,4,3
net.sf.freecol.client.gui.panel.PlayersTable.PlayerCellRenderer,7,0,1,0,6,5
net.sf.freecol.client.gui.panel.PlayersTable.PlayersTableModel,13,0,1,0,25,36
net.sf.freecol.client.gui.panel.PortPanel,17,2,2,2,13,13
net.sf.freecol.client.gui.panel.PurchasePanel,7,3,0,0,8,1
net.sf.freecol.client.gui.panel.QuickActionMenu,54,0,1,0,156,130
net.sf.freecol.client.gui.panel.RecruitPanel,14,2,1,0,30,14
net.sf.freecol.client.gui.panel.ServerListPanel,10,2,1,0,19,9
net.sf.freecol.client.gui.panel.ServerListPanel.ServerListTableCellRenderer,1,0,1,0,1,1
net.sf.freecol.client.gui.panel.ServerListTableModel,4,0,1,0,14,14
net.sf.freecol.client.gui.panel.StartGamePanel,24,2,1,0,53,29
net.sf.freecol.client.gui.panel.StatisticsPanel,7,2,1,0,10,8
net.sf.freecol.client.gui.panel.StatisticsPanel.StatisticsModel,4,0,2,0,9,11
net.sf.freecol.client.gui.panel.StatusPanel,3,2,1,0,3,2
net.sf.freecol.client.gui.panel.TilePanel,25,2,1,0,50,23
net.sf.freecol.client.gui.panel.TradeRouteInputPanel,30,2,1,0,63,44
net.sf.freecol.client.gui.panel.TradeRouteInputPanel.AllGoodsTypesPanel,5,2,3,0,9,7
net.sf.freecol.client.gui.panel.TradeRouteInputPanel.DestinationCellRenderer,6,0,1,0,6,5
net.sf.freecol.client.gui.panel.TradeRouteInputPanel.StopGoodsTypesPanel,3,2,1,0,8,3
net.sf.freecol.client.gui.panel.TradeRouteInputPanel.StopListHandler,5,0,4,0,8,11
net.sf.freecol.client.gui.panel.TradeRouteInputPanel.StopListTransferable,3,0,1,0,5,6
net.sf.freecol.client.gui.panel.TradeRouteInputPanel.StopRenderer,11,0,1,0,15,8
net.sf.freecol.client.gui.panel.TradeRoutePanel,14,2,1,0,44,31
net.sf.freecol.client.gui.panel.TrainPanel,7,3,0,0,8,1
net.sf.freecol.client.gui.panel.UnitButton,8,1,3,0,7,6
net.sf.freecol.client.gui.panel.UnitButton.UnitButtonActionPropertyChangeListener,2,0,1,0,2,12
net.sf.freecol.client.gui.panel.UnitPanel,23,1,1,3,38,23
net.sf.freecol.client.gui.panel.Utility,141,0,22,0,74,73
net.sf.freecol.client.gui.panel.WorkProductionPanel,23,2,1,0,34,10
net.sf.freecol.client.gui.panel.colopedia.BuildingDetailPanel,21,3,2,0,56,29
net.sf.freecol.client.gui.panel.colopedia.ColopediaDetailPanel,n/a,n/a,n/a,n/a,2,n/a
net.sf.freecol.client.gui.panel.colopedia.ColopediaGameObjectTypePanel,30,2,3,8,49,26
net.sf.freecol.client.gui.panel.colopedia.ColopediaPanel,24,2,2,0,50,23
net.sf.freecol.client.gui.panel.colopedia.ColopediaTreeCellRenderer,4,0,1,0,6,4
net.sf.freecol.client.gui.panel.colopedia.ColopediaTreeItem,9,0,4,0,6,6
net.sf.freecol.client.gui.panel.colopedia.ConceptDetailPanel,12,2,1,0,17,7
net.sf.freecol.client.gui.panel.colopedia.ConceptDetailPanel.ConceptEditorPane,1,0,1,0,2,2
net.sf.freecol.client.gui.panel.colopedia.FatherDetailPanel,19,3,2,0,36,10
net.sf.freecol.client.gui.panel.colopedia.GoodsDetailPanel,19,3,2,0,39,29
net.sf.freecol.client.gui.panel.colopedia.NationDetailPanel,13,3,2,0,21,5
net.sf.freecol.client.gui.panel.colopedia.NationTypeDetailPanel,22,3,2,0,46,18
net.sf.freecol.client.gui.panel.colopedia.ResourcesDetailPanel,16,3,2,0,25,7
net.sf.freecol.client.gui.panel.colopedia.TerrainDetailPanel,18,3,2,0,33,14
net.sf.freecol.client.gui.panel.colopedia.UnitDetailPanel,23,3,2,0,51,22
net.sf.freecol.client.gui.panel.report.CompactLabourReport,23,3,1,0,95,78
net.sf.freecol.client.gui.panel.report.LabourData,22,0,1,0,46,44
net.sf.freecol.client.gui.panel.report.LabourData.ColonyLocationDataGetter,5,0,1,0,3,2
net.sf.freecol.client.gui.panel.report.LabourData.LocationData,6,0,3,0,23,27
net.sf.freecol.client.gui.panel.report.LabourData.LocationData.Getter,n/a,n/a,n/a,n/a,1,n/a
net.sf.freecol.client.gui.panel.report.LabourData.ProductionData,3,0,1,0,4,4
net.sf.freecol.client.gui.panel.report.LabourData.UnitData,12,0,6,0,21,19
net.sf.freecol.client.gui.panel.report.ReportCargoPanel,11,4,3,0,13,4
net.sf.freecol.client.gui.panel.report.ReportClassicColonyPanel,23,3,1,0,34,13
net.sf.freecol.client.gui.panel.report.ReportCompactColonyPanel,39,3,1,0,86,121
net.sf.freecol.client.gui.panel.report.ReportCompactColonyPanel.ColonySummary,21,0,2,0,44,28
net.sf.freecol.client.gui.panel.report.ReportCompactColonyPanel.ColonySummary.GoodsProduction,3,0,1,0,2,5
net.sf.freecol.client.gui.panel.report.ReportCompactColonyPanel.ColonySummary.ProductionStatus,3,n/a,2,n/a,2,0
net.sf.freecol.client.gui.panel.report.ReportContinentalCongressPanel,20,3,0,0,34,9
net.sf.freecol.client.gui.panel.report.ReportEducationPanel,14,3,1,0,19,8
net.sf.freecol.client.gui.panel.report.ReportExplorationPanel,12,3,0,0,18,2
net.sf.freecol.client.gui.panel.report.ReportForeignAffairPanel,15,3,0,0,27,6
net.sf.freecol.client.gui.panel.report.ReportHighScoresPanel,9,3,0,0,24,7
net.sf.freecol.client.gui.panel.report.ReportHistoryPanel,8,3,0,0,9,3
net.sf.freecol.client.gui.panel.report.ReportIndianPanel,25,3,1,0,52,18
net.sf.freecol.client.gui.panel.report.ReportLabourDetailPanel,15,3,1,0,15,6
net.sf.freecol.client.gui.panel.report.ReportLabourPanel,15,3,1,0,24,17
net.sf.freecol.client.gui.panel.report.ReportLabourPanel.LabourUnitPanel,8,1,1,0,7,3
net.sf.freecol.client.gui.panel.report.ReportLabourPanel.LabourUnitPanelRenderer,2,0,1,0,1,1
net.sf.freecol.client.gui.panel.report.ReportMilitaryPanel,13,4,3,0,15,5
net.sf.freecol.client.gui.panel.report.ReportNavalPanel,11,4,3,0,12,4
net.sf.freecol.client.gui.panel.report.ReportPanel,34,2,6,18,36,14
net.sf.freecol.client.gui.panel.report.ReportProductionPanel,19,3,1,0,30,12
net.sf.freecol.client.gui.panel.report.ReportReligiousPanel,15,3,0,0,19,4
net.sf.freecol.client.gui.panel.report.ReportRequirementsPanel,26,3,1,0,56,46
net.sf.freecol.client.gui.panel.report.ReportTradePanel,23,3,2,0,44,20
net.sf.freecol.client.gui.panel.report.ReportTurnPanel,32,3,1,0,55,42
net.sf.freecol.client.gui.panel.report.ReportUnitPanel,26,3,2,3,52,24
net.sf.freecol.client.gui.plaf.FreeColBrightPanelUI,2,0,2,0,4,3
net.sf.freecol.client.gui.plaf.FreeColButtonUI,8,0,2,0,11,15
net.sf.freecol.client.gui.plaf.FreeColCheckBoxUI,3,0,4,0,5,4
net.sf.freecol.client.gui.plaf.FreeColCheckBoxUI.CheckBoxIcon,6,0,1,0,9,10
net.sf.freecol.client.gui.plaf.FreeColComboBoxRenderer,25,0,1,8,12,21
net.sf.freecol.client.gui.plaf.FreeColComboBoxRenderer.NormalComponent,1,0,0,0,1,1
net.sf.freecol.client.gui.plaf.FreeColComboBoxRenderer.SelectedComponent,1,0,1,0,2,2
net.sf.freecol.client.gui.plaf.FreeColComboBoxUI,2,0,3,0,4,3
net.sf.freecol.client.gui.plaf.FreeColFileChooserUI,2,0,2,0,3,4
net.sf.freecol.client.gui.plaf.FreeColFormattedTextFieldUI,2,1,2,0,4,3
net.sf.freecol.client.gui.plaf.FreeColLabelUI,2,0,3,0,4,3
net.sf.freecol.client.gui.plaf.FreeColListUI,4,0,3,0,6,3
net.sf.freecol.client.gui.plaf.FreeColLookAndFeel,25,0,5,0,9,11
net.sf.freecol.client.gui.plaf.FreeColLookAndFeel.FreeColMetalTheme,2,0,1,0,9,8
net.sf.freecol.client.gui.plaf.FreeColMenuBarUI,3,0,2,0,4,3
net.sf.freecol.client.gui.plaf.FreeColMenuItemUI,2,0,3,0,4,3
net.sf.freecol.client.gui.plaf.FreeColOptionPaneUI,8,0,4,0,17,42
net.sf.freecol.client.gui.plaf.FreeColPanelUI,3,0,2,0,5,4
net.sf.freecol.client.gui.plaf.FreeColPopupMenuUI,3,0,2,0,4,3
net.sf.freecol.client.gui.plaf.FreeColRadioButtonUI,2,0,3,0,4,3
net.sf.freecol.client.gui.plaf.FreeColScrollPaneUI,2,0,3,0,4,3
net.sf.freecol.client.gui.plaf.FreeColSelectedPanelUI,3,0,2,0,2,2
net.sf.freecol.client.gui.plaf.FreeColSpinnerUI,1,0,2,0,2,3
net.sf.freecol.client.gui.plaf.FreeColTableHeaderUI,2,0,3,0,4,3
net.sf.freecol.client.gui.plaf.FreeColTableUI,2,0,3,0,4,3
net.sf.freecol.client.gui.plaf.FreeColTextAreaUI,4,0,3,0,7,5
net.sf.freecol.client.gui.plaf.FreeColTextFieldUI,5,0,3,1,7,5
net.sf.freecol.client.gui.plaf.FreeColToolTipUI,4,0,2,0,9,16
net.sf.freecol.client.gui.plaf.FreeColTransparentPanelUI,1,0,2,0,2,3
net.sf.freecol.client.gui.plaf.LAFUtilities,11,0,1,0,1,4
net.sf.freecol.client.gui.tooltip.BuildingToolTip,27,0,1,0,46,27
net.sf.freecol.client.gui.tooltip.RebelToolTip,22,0,1,0,27,11
net.sf.freecol.client.gui.video.VideoComponent,3,0,3,0,14,10
net.sf.freecol.client.gui.video.VideoListener,n/a,n/a,n/a,n/a,1,n/a
net.sf.freecol.client.networking.UserServerAPI,7,1,1,0,21,18
net.sf.freecol.common.FreeColException,44,0,1,0,5,5
net.sf.freecol.common.FreeColSeed,2,0,1,0,4,4
net.sf.freecol.common.ObjectWithId,n/a,n/a,n/a,n/a,1,n/a
net.sf.freecol.common.debug.DebugUtils,71,0,27,0,211,124
net.sf.freecol.common.debug.FreeColDebugger,39,0,11,0,46,52
net.sf.freecol.common.debug.FreeColDebugger.DebugMode,26,n/a,2,n/a,2,0
net.sf.freecol.common.i18n.DefaultNumberRule,6,1,1,0,9,5
net.sf.freecol.common.i18n.DualNumberRule,4,1,1,0,1,3
net.sf.freecol.common.i18n.Messages,206,0,2,0,69,129
net.sf.freecol.common.i18n.NameCache,19,0,3,0,60,71
net.sf.freecol.common.i18n.Number,9,0,1,5,3,2
net.sf.freecol.common.i18n.Number.Category,8,n/a,2,n/a,2,0
net.sf.freecol.common.i18n.NumberRules,12,0,1,0,16,27
net.sf.freecol.common.i18n.OtherNumberRule,4,1,1,0,1,1
net.sf.freecol.common.i18n.PluralNumberRule,4,1,1,0,1,2
net.sf.freecol.common.i18n.Relation,1,0,1,0,10,27
net.sf.freecol.common.i18n.Rule,5,0,1,0,8,12
net.sf.freecol.common.i18n.Selector,n/a,n/a,n/a,n/a,1,n/a
net.sf.freecol.common.i18n.ZeroOneNumberRule,4,1,1,0,1,2
net.sf.freecol.common.io.FreeColDataFile,17,0,2,2,30,44
net.sf.freecol.common.io.FreeColDirectories,35,0,2,0,94,163
net.sf.freecol.common.io.FreeColModFile,25,1,2,1,19,15
net.sf.freecol.common.io.FreeColRules,11,0,1,0,6,6
net.sf.freecol.common.io.FreeColSavegameFile,16,1,4,0,14,9
net.sf.freecol.common.io.FreeColTcFile,6,2,1,0,9,4
net.sf.freecol.common.io.FreeColXMLReader,258,0,4,0,61,121
net.sf.freecol.common.io.FreeColXMLReader.ReadScope,17,n/a,2,n/a,2,0
net.sf.freecol.common.io.FreeColXMLWriter,147,0,3,0,61,62
net.sf.freecol.common.io.FreeColXMLWriter.WriteScope,16,0,2,0,10,11
net.sf.freecol.common.io.FreeColXMLWriter.WriteScopeType,1,n/a,2,n/a,2,0
net.sf.freecol.common.io.sza.AnimationEvent,n/a,n/a,n/a,n/a,0,n/a
net.sf.freecol.common.io.sza.ImageAnimationEvent,n/a,n/a,n/a,n/a,2,n/a
net.sf.freecol.common.io.sza.SimpleZippedAnimation,8,0,2,0,17,18
net.sf.freecol.common.io.sza.SimpleZippedAnimation.ImageAnimationEventImpl,3,0,1,0,6,6
net.sf.freecol.common.logging.DefaultHandler,5,0,1,0,10,10
net.sf.freecol.common.logging.TextFormatter,1,0,1,0,2,3
net.sf.freecol.common.metaserver.MetaServerUtils,14,0,1,0,28,28
net.sf.freecol.common.metaserver.MetaServerUtils.MetaInputHandler,8,0,2,0,7,7
net.sf.freecol.common.metaserver.MetaServerUtils.MetaMessageType,1,n/a,2,n/a,2,0
net.sf.freecol.common.metaserver.ServerInfo,17,0,1,0,18,18
net.sf.freecol.common.model.Ability,103,3,2,0,30,21
net.sf.freecol.common.model.AbstractGoods,122,1,4,1,41,30
net.sf.freecol.common.model.AbstractUnit,46,1,6,0,54,34
net.sf.freecol.common.model.BaseProduction,n/a,n/a,n/a,n/a,5,n/a
net.sf.freecol.common.model.BuildQueue,18,0,4,0,29,26
net.sf.freecol.common.model.BuildQueue.CompletionAction,3,n/a,2,n/a,2,0
net.sf.freecol.common.model.BuildableType,69,3,5,3,63,55
net.sf.freecol.common.model.Building,77,4,10,1,108,61
net.sf.freecol.common.model.BuildingType,65,4,4,0,90,84
net.sf.freecol.common.model.Colony,207,5,18,1,410,396
net.sf.freecol.common.model.Colony.ColonyChangeEvent,4,n/a,2,n/a,2,0
net.sf.freecol.common.model.Colony.NoBuildReason,9,n/a,2,n/a,2,0
net.sf.freecol.common.model.Colony.TileImprovementSuggestion,7,0,2,0,3,3
net.sf.freecol.common.model.ColonyTile,49,4,8,1,105,68
net.sf.freecol.common.model.ColonyTradeItem,18,3,3,0,41,23
net.sf.freecol.common.model.ColonyWas,8,1,1,0,8,6
net.sf.freecol.common.model.CombatModel,26,0,13,1,24,10
net.sf.freecol.common.model.CombatModel.CombatEffectType,9,n/a,2,n/a,2,0
net.sf.freecol.common.model.CombatModel.CombatOdds,6,0,0,0,1,1
net.sf.freecol.common.model.CombatModel.CombatResult,7,0,3,0,7,7
net.sf.freecol.common.model.Constants,n/a,n/a,n/a,n/a,0,n/a
net.sf.freecol.common.model.Constants.ArmedUnitSettlementAction,2,n/a,2,n/a,2,0
net.sf.freecol.common.model.Constants.BoycottAction,2,n/a,2,n/a,2,0
net.sf.freecol.common.model.Constants.ClaimAction,2,n/a,2,n/a,2,0
net.sf.freecol.common.model.Constants.IndianDemandAction,10,n/a,2,n/a,2,0
net.sf.freecol.common.model.Constants.IntegrityType,27,n/a,3,n/a,7,5
net.sf.freecol.common.model.Constants.MissionaryAction,2,n/a,2,n/a,2,0
net.sf.freecol.common.model.Constants.ScoutColonyAction,2,n/a,2,n/a,2,0
net.sf.freecol.common.model.Constants.ScoutIndianSettlementAction,2,n/a,2,n/a,2,0
net.sf.freecol.common.model.Constants.TradeAction,2,n/a,2,n/a,2,0
net.sf.freecol.common.model.Constants.TradeBuyAction,2,n/a,2,n/a,2,0
net.sf.freecol.common.model.Constants.TradeSellAction,2,n/a,2,n/a,2,0
net.sf.freecol.common.model.Consumer,n/a,n/a,n/a,n/a,3,n/a
net.sf.freecol.common.model.DiplomaticTrade,44,2,3,0,73,53
net.sf.freecol.common.model.DiplomaticTrade.TradeContext,8,n/a,3,n/a,4,1
net.sf.freecol.common.model.DiplomaticTrade.TradeStatus,8,n/a,2,n/a,2,0
net.sf.freecol.common.model.Direction,83,n/a,6,n/a,20,24
net.sf.freecol.common.model.Disaster,19,3,2,0,38,26
net.sf.freecol.common.model.Disaster.Effects,2,n/a,2,n/a,2,0
net.sf.freecol.common.model.Effect,10,3,2,0,23,11
net.sf.freecol.common.model.Europe,84,3,14,1,111,78
net.sf.freecol.common.model.Europe.MigrationType,9,n/a,6,n/a,12,11
net.sf.freecol.common.model.EuropeWas,7,1,1,0,7,5
net.sf.freecol.common.model.EuropeanNationType,20,4,4,0,42,32
net.sf.freecol.common.model.Event,14,3,2,0,38,29
net.sf.freecol.common.model.ExportData,15,1,2,0,29,20
net.sf.freecol.common.model.Feature,33,2,2,2,64,58
net.sf.freecol.common.model.FeatureContainer,30,0,2,0,38,84
net.sf.freecol.common.model.Force,14,2,2,0,43,42
net.sf.freecol.common.model.FoundingFather,35,3,3,0,40,35
net.sf.freecol.common.model.FoundingFather.FoundingFatherType,9,n/a,4,n/a,6,2
net.sf.freecol.common.model.FreeColGameObject,161,1,5,17,46,38
net.sf.freecol.common.model.FreeColGameObjectListener,n/a,n/a,n/a,n/a,3,n/a
net.sf.freecol.common.model.FreeColObject,387,0,12,12,142,159
net.sf.freecol.common.model.FreeColSpecObject,46,1,1,6,6,5
net.sf.freecol.common.model.FreeColSpecObjectType,63,2,3,18,62,35
net.sf.freecol.common.model.Game,350,2,5,1,196,199
net.sf.freecol.common.model.Game.FcgoState,1,n/a,2,n/a,2,0
net.sf.freecol.common.model.Game.LogoutReason,11,n/a,2,n/a,2,0
net.sf.freecol.common.model.GoldTradeItem,15,3,3,0,33,19
net.sf.freecol.common.model.Goods,85,2,7,0,50,35
net.sf.freecol.common.model.GoodsContainer,50,2,3,0,71,65
net.sf.freecol.common.model.GoodsLocation,68,3,2,2,59,44
net.sf.freecol.common.model.GoodsTradeItem,22,3,3,1,45,25
net.sf.freecol.common.model.GoodsType,184,3,7,0,71,71
net.sf.freecol.common.model.HighScore,22,1,1,0,70,52
net.sf.freecol.common.model.HighScore.ScoreLevel,1,n/a,3,n/a,4,2
net.sf.freecol.common.model.HighSeas,20,3,8,0,40,26
net.sf.freecol.common.model.HistoryEvent,21,2,3,0,38,29
net.sf.freecol.common.model.HistoryEvent.HistoryEventType,12,n/a,3,n/a,8,3
net.sf.freecol.common.model.HitpointsCombatModel,12,2,1,0,18,10
net.sf.freecol.common.model.InciteTradeItem,14,3,3,0,38,19
net.sf.freecol.common.model.IndianNationType,23,4,6,0,45,35
net.sf.freecol.common.model.IndianSettlement,96,5,17,1,229,207
net.sf.freecol.common.model.IndianSettlement.ContactLevel,2,n/a,2,n/a,2,0
net.sf.freecol.common.model.LandMap,11,0,1,0,36,57
net.sf.freecol.common.model.LastSale,10,1,3,0,24,13
net.sf.freecol.common.model.Limit,19,3,2,0,43,50
net.sf.freecol.common.model.Limit.Operator,3,n/a,2,n/a,2,0
net.sf.freecol.common.model.Locatable,n/a,n/a,n/a,n/a,5,n/a
net.sf.freecol.common.model.Location,n/a,n/a,n/a,n/a,21,n/a
net.sf.freecol.common.model.LostCityRumour,44,3,12,0,60,38
net.sf.freecol.common.model.LostCityRumour.RumourType,11,n/a,3,n/a,7,3
net.sf.freecol.common.model.Map,144,2,22,0,247,351
net.sf.freecol.common.model.Map.CircleIterator,5,0,2,0,11,21
net.sf.freecol.common.model.Map.Layer,12,n/a,2,n/a,2,0
net.sf.freecol.common.model.Map.MoveCandidate,9,0,1,0,20,12
net.sf.freecol.common.model.Map.MoveStep,1,n/a,2,n/a,2,0
net.sf.freecol.common.model.Map.Position,9,0,2,0,19,17
net.sf.freecol.common.model.Map.SearchHeuristic,n/a,n/a,n/a,n/a,1,n/a
net.sf.freecol.common.model.Market,49,2,3,0,95,69
net.sf.freecol.common.model.Market.Access,4,n/a,2,n/a,2,0
net.sf.freecol.common.model.MarketData,11,2,2,0,52,41
net.sf.freecol.common.model.MarketWas,10,1,1,0,20,13
net.sf.freecol.common.model.ModelMessage,35,2,4,0,54,60
net.sf.freecol.common.model.ModelMessage.MessageType,20,n/a,4,n/a,8,4
net.sf.freecol.common.model.Modifier,74,3,2,0,65,54
net.sf.freecol.common.model.Modifier.ModifierType,15,n/a,2,n/a,2,0
net.sf.freecol.common.model.Monarch,32,2,2,0,102,112
net.sf.freecol.common.model.Monarch.MonarchAction,19,n/a,3,n/a,8,5
net.sf.freecol.common.model.Movable,n/a,n/a,n/a,n/a,2,n/a
net.sf.freecol.common.model.Nameable,n/a,n/a,n/a,n/a,2,n/a
net.sf.freecol.common.model.Named,n/a,n/a,n/a,n/a,1,n/a
net.sf.freecol.common.model.Nation,53,3,6,0,41,26
net.sf.freecol.common.model.NationOptions,27,2,2,0,37,27
net.sf.freecol.common.model.NationOptions.Advantages,10,n/a,3,n/a,8,3
net.sf.freecol.common.model.NationOptions.NationState,21,n/a,3,n/a,8,3
net.sf.freecol.common.model.NationSummary,15,1,2,0,33,22
net.sf.freecol.common.model.NationType,44,3,4,2,40,27
net.sf.freecol.common.model.NationType.AggressionLevel,3,n/a,3,n/a,4,1
net.sf.freecol.common.model.NationType.SettlementNumber,4,n/a,3,n/a,4,1
net.sf.freecol.common.model.NativeTrade,21,2,5,0,77,61
net.sf.freecol.common.model.NativeTrade.NativeTradeAction,8,n/a,4,n/a,5,3
net.sf.freecol.common.model.NativeTradeItem,16,4,3,0,35,19
net.sf.freecol.common.model.ObjectWas,5,0,1,4,1,0
net.sf.freecol.common.model.Occupation,11,0,1,0,28,17
net.sf.freecol.common.model.Operand,19,2,1,0,50,55
net.sf.freecol.common.model.Operand.OperandType,3,n/a,2,n/a,2,0
net.sf.freecol.common.model.Operand.ScopeLevel,3,n/a,2,n/a,2,0
net.sf.freecol.common.model.Ownable,n/a,n/a,n/a,n/a,2,n/a
net.sf.freecol.common.model.PathNode,44,0,1,0,32,43
net.sf.freecol.common.model.Player,380,2,15,1,507,536
net.sf.freecol.common.model.Player.ColonyValueCategory,2,n/a,2,n/a,3,1
net.sf.freecol.common.model.Player.NoClaimReason,10,n/a,3,n/a,8,3
net.sf.freecol.common.model.Player.NoValueType,3,n/a,3,n/a,6,5
net.sf.freecol.common.model.Player.PlayerType,17,n/a,2,n/a,2,0
net.sf.freecol.common.model.PlunderType,7,3,2,0,16,9
net.sf.freecol.common.model.ProductionCache,21,0,1,0,43,24
net.sf.freecol.common.model.ProductionInfo,25,0,2,0,28,30
net.sf.freecol.common.model.ProductionMap,7,0,1,0,15,16
net.sf.freecol.common.model.ProductionMap.ProductionTree,6,0,1,0,19,19
net.sf.freecol.common.model.ProductionType,26,2,4,0,67,74
net.sf.freecol.common.model.RandomRange,11,0,1,0,12,13
net.sf.freecol.common.model.Region,36,2,2,1,72,67
net.sf.freecol.common.model.Region.RegionType,8,n/a,4,n/a,9,5
net.sf.freecol.common.model.Resource,31,3,6,0,50,35
net.sf.freecol.common.model.ResourceType,27,3,3,0,21,11
net.sf.freecol.common.model.Role,74,4,10,0,74,57
net.sf.freecol.common.model.Role.RoleChange,2,0,2,0,4,3
net.sf.freecol.common.model.Scope,23,1,2,1,41,76
net.sf.freecol.common.model.ScopeContainer,5,0,2,0,28,57
net.sf.freecol.common.model.Settlement,177,4,19,2,150,93
net.sf.freecol.common.model.SettlementType,28,3,2,0,51,48
net.sf.freecol.common.model.SimpleCombatModel,34,1,1,1,103,118
net.sf.freecol.common.model.Specification,283,0,3,0,279,359
net.sf.freecol.common.model.Specification.AbilityReader,4,0,1,0,4,2
net.sf.freecol.common.model.Specification.ChildReader,n/a,n/a,n/a,n/a,1,n/a
net.sf.freecol.common.model.Specification.ModifierReader,4,0,1,0,4,2
net.sf.freecol.common.model.Specification.OptionReader,5,0,1,0,9,5
net.sf.freecol.common.model.Specification.Source,4,3,2,0,6,4
net.sf.freecol.common.model.Specification.TypeReader,5,0,1,0,14,9
net.sf.freecol.common.model.Stance,47,n/a,4,n/a,15,49
net.sf.freecol.common.model.StanceTradeItem,15,3,3,0,30,25
net.sf.freecol.common.model.StringTemplate,141,1,3,2,69,89
net.sf.freecol.common.model.StringTemplate.TemplateType,5,n/a,2,n/a,2,0
net.sf.freecol.common.model.Tension,26,0,1,0,15,15
net.sf.freecol.common.model.Tension.Level,17,n/a,4,n/a,6,3
net.sf.freecol.common.model.Tile,242,3,3,0,367,366
net.sf.freecol.common.model.Tile.IndianSettlementInternals,4,0,1,0,4,4
net.sf.freecol.common.model.TileImprovement,51,3,4,0,99,125
net.sf.freecol.common.model.TileImprovementStyle,7,0,2,0,5,11
net.sf.freecol.common.model.TileImprovementType,51,3,4,0,86,78
net.sf.freecol.common.model.TileItem,21,2,12,3,29,14
net.sf.freecol.common.model.TileItemContainer,35,2,2,0,99,78
net.sf.freecol.common.model.TileType,82,3,4,0,81,81
net.sf.freecol.common.model.TileType.RangeType,2,n/a,2,n/a,2,0
net.sf.freecol.common.model.TileTypeChange,11,3,2,0,35,19
net.sf.freecol.common.model.TradeItem,24,2,16,6,40,26
net.sf.freecol.common.model.TradeLocation,n/a,n/a,n/a,n/a,6,n/a
net.sf.freecol.common.model.TradeRoute,36,2,2,0,69,54
net.sf.freecol.common.model.TradeRouteStop,26,2,4,0,63,39
net.sf.freecol.common.model.TransactionListener,n/a,n/a,n/a,n/a,2,n/a
net.sf.freecol.common.model.Turn,65,0,2,0,26,31
net.sf.freecol.common.model.TypeCountMap,16,0,1,0,14,15
net.sf.freecol.common.model.Unit,347,4,14,1,516,676
net.sf.freecol.common.model.Unit.ClosestSettlementGoalDecider,6,0,2,0,10,6
net.sf.freecol.common.model.Unit.MoveType,37,n/a,5,n/a,8,7
net.sf.freecol.common.model.Unit.PortMode,1,n/a,2,n/a,2,0
net.sf.freecol.common.model.Unit.UnitLabelType,21,n/a,2,n/a,2,0
net.sf.freecol.common.model.Unit.UnitState,36,n/a,3,n/a,4,1
net.sf.freecol.common.model.UnitChangeType,25,3,2,0,35,25
net.sf.freecol.common.model.UnitIterator,3,0,1,0,10,16
net.sf.freecol.common.model.UnitLocation,134,2,7,5,60,64
net.sf.freecol.common.model.UnitLocation.NoAddReason,19,n/a,3,n/a,6,2
net.sf.freecol.common.model.UnitTradeItem,15,3,3,0,39,20
net.sf.freecol.common.model.UnitType,169,4,11,0,108,112
net.sf.freecol.common.model.UnitTypeChange,19,3,2,0,24,12
net.sf.freecol.common.model.UnitWas,25,1,1,0,38,51
net.sf.freecol.common.model.WorkLocation,83,3,12,2,142,112
net.sf.freecol.common.model.WorkLocation.Suggestion,5,0,3,0,4,4
net.sf.freecol.common.model.mission.AbstractMission,10,2,2,3,23,13
net.sf.freecol.common.model.mission.CompoundMission,10,3,2,0,31,23
net.sf.freecol.common.model.mission.GoToMission,9,3,4,0,26,13
net.sf.freecol.common.model.mission.ImprovementMission,12,3,4,0,28,13
net.sf.freecol.common.model.mission.Mission,n/a,n/a,n/a,n/a,4,n/a
net.sf.freecol.common.model.mission.Mission.MissionState,4,n/a,2,n/a,2,0
net.sf.freecol.common.model.mission.MissionManager,6,0,1,0,3,3
net.sf.freecol.common.model.pathfinding.BaseCostDecider,12,0,1,3,14,17
net.sf.freecol.common.model.pathfinding.CostDecider,n/a,n/a,n/a,n/a,3,n/a
net.sf.freecol.common.model.pathfinding.CostDeciders,34,0,6,0,12,35
net.sf.freecol.common.model.pathfinding.CostDeciders.AvoidNavalDangerCostDecider,10,3,1,0,7,4
net.sf.freecol.common.model.pathfinding.CostDeciders.AvoidSettlementsAndBlockingUnitsCostDecider,9,2,1,1,7,4
net.sf.freecol.common.model.pathfinding.CostDeciders.AvoidSettlementsCostDecider,8,1,1,1,5,3
net.sf.freecol.common.model.pathfinding.CostDeciders.ServerBaseCostDecider,8,1,1,0,5,4
net.sf.freecol.common.model.pathfinding.CostDeciders.TileCostDecider,6,1,1,0,3,4
net.sf.freecol.common.model.pathfinding.GoalDecider,n/a,n/a,n/a,n/a,3,n/a
net.sf.freecol.common.model.pathfinding.GoalDeciders,25,0,11,0,12,76
net.sf.freecol.common.model.pathfinding.GoalDeciders.MultipleAdjacentDecider,6,0,2,0,3,9
net.sf.freecol.common.model.production.BuildingProductionCalculator,21,0,1,0,42,41
net.sf.freecol.common.model.production.ProductionUtils,14,0,1,0,15,11
net.sf.freecol.common.model.production.TileProductionCalculator,16,0,1,0,23,17
net.sf.freecol.common.model.production.WorkerAssignment,9,0,2,0,3,3
net.sf.freecol.common.networking.AbandonColonyMessage,13,3,3,0,14,6
net.sf.freecol.common.networking.AddPlayerMessage,15,4,4,0,23,13
net.sf.freecol.common.networking.AnimateAttackMessage,17,4,3,0,34,27
net.sf.freecol.common.networking.AnimateMoveMessage,17,4,3,0,29,20
net.sf.freecol.common.networking.AskSkillMessage,20,3,3,0,18,7
net.sf.freecol.common.networking.AssignTeacherMessage,15,3,3,0,17,11
net.sf.freecol.common.networking.AssignTradeRouteMessage,15,3,4,0,13,8
net.sf.freecol.common.networking.AttackMessage,17,3,3,0,19,8
net.sf.freecol.common.networking.AttackRangedMessage,15,3,3,0,20,8
net.sf.freecol.common.networking.AttributeMessage,91,2,3,72,16,12
net.sf.freecol.common.networking.BuildColonyMessage,14,3,3,0,19,10
net.sf.freecol.common.networking.CashInTreasureTrainMessage,13,3,3,0,15,7
net.sf.freecol.common.networking.ChangeSet,139,0,1,0,74,61
net.sf.freecol.common.networking.ChangeSet.AttackChange,11,1,1,0,17,12
net.sf.freecol.common.networking.ChangeSet.AttributeChange,5,1,1,0,6,3
net.sf.freecol.common.networking.ChangeSet.Change,17,0,4,11,7,5
net.sf.freecol.common.networking.ChangeSet.FeatureChange,8,1,1,0,8,7
net.sf.freecol.common.networking.ChangeSet.MessageChange,6,1,1,0,6,4
net.sf.freecol.common.networking.ChangeSet.MoveChange,12,1,1,0,23,14
net.sf.freecol.common.networking.ChangeSet.ObjectChange,13,1,1,0,12,15
net.sf.freecol.common.networking.ChangeSet.PartialObjectChange,7,1,1,0,6,4
net.sf.freecol.common.networking.ChangeSet.PlayerChange,6,1,1,0,7,5
net.sf.freecol.common.networking.ChangeSet.RemoveChange,13,1,1,0,13,14
net.sf.freecol.common.networking.ChangeSet.See,35,0,2,0,10,20
net.sf.freecol.common.networking.ChangeSet.SeeCheck,7,n/a,2,n/a,2,0
net.sf.freecol.common.networking.ChangeSet.SpyChange,8,1,1,0,7,4
net.sf.freecol.common.networking.ChangeSet.StanceChange,7,1,1,0,7,4
net.sf.freecol.common.networking.ChangeStateMessage,14,3,3,0,14,6
net.sf.freecol.common.networking.ChangeWorkImprovementTypeMessage,18,3,3,0,23,13
net.sf.freecol.common.networking.ChangeWorkTypeMessage,15,3,3,0,16,7
net.sf.freecol.common.networking.ChatMessage,16,3,3,0,26,12
net.sf.freecol.common.networking.ChooseFoundingFatherMessage,19,3,4,0,34,18
net.sf.freecol.common.networking.ClaimLandMessage,19,3,3,0,30,24
net.sf.freecol.common.networking.ClearSpecialityMessage,13,3,3,0,12,5
net.sf.freecol.common.networking.CloseMessage,11,3,3,0,11,6
net.sf.freecol.common.networking.Connection,39,0,2,1,59,62
net.sf.freecol.common.networking.ConnectionVerificationMessage,6,3,1,0,5,3
net.sf.freecol.common.networking.ContinueMessage,8,2,1,0,7,3
net.sf.freecol.common.networking.DeclareIndependenceMessage,12,3,3,0,12,8
net.sf.freecol.common.networking.DeclineMoundsMessage,17,3,3,0,15,6
net.sf.freecol.common.networking.DeleteTradeRouteMessage,14,3,4,0,13,6
net.sf.freecol.common.networking.DeliverGiftMessage,17,4,3,0,22,11
net.sf.freecol.common.networking.DemandTributeMessage,21,3,3,0,19,8
net.sf.freecol.common.networking.DiplomacyMessage,27,4,2,0,52,66
net.sf.freecol.common.networking.DisbandUnitMessage,13,3,3,0,12,5
net.sf.freecol.common.networking.DisconnectMessage,15,2,3,0,9,5
net.sf.freecol.common.networking.DisembarkMessage,14,3,3,0,12,5
net.sf.freecol.common.networking.EmbarkMessage,17,3,3,0,18,10
net.sf.freecol.common.networking.EmigrateUnitMessage,15,3,3,0,20,12
net.sf.freecol.common.networking.EndTurnMessage,8,2,2,0,8,4
net.sf.freecol.common.networking.EnterRevengeModeMessage,8,2,1,0,7,3
net.sf.freecol.common.networking.EquipForRoleMessage,15,3,3,0,19,10
net.sf.freecol.common.networking.ErrorMessage,14,4,3,0,29,15
net.sf.freecol.common.networking.FeatureChangeMessage,19,4,3,0,33,19
net.sf.freecol.common.networking.FirstContactMessage,16,3,2,0,33,21
net.sf.freecol.common.networking.FountainOfYouthMessage,10,3,2,0,12,7
net.sf.freecol.common.networking.GameEndedMessage,13,3,3,0,16,9
net.sf.freecol.common.networking.GameStateMessage,11,3,3,0,14,9
net.sf.freecol.common.networking.HighScoresMessage,14,4,2,0,21,9
net.sf.freecol.common.networking.InciteMessage,19,3,3,0,31,14
net.sf.freecol.common.networking.IndianDemandMessage,20,3,2,0,36,23
net.sf.freecol.common.networking.JoinColonyMessage,14,3,3,0,12,5
net.sf.freecol.common.networking.LearnSkillMessage,20,3,3,0,18,7
net.sf.freecol.common.networking.LoadGoodsMessage,17,3,3,0,19,10
net.sf.freecol.common.networking.LoginMessage,24,4,3,0,67,45
net.sf.freecol.common.networking.LogoutMessage,19,3,3,0,31,21
net.sf.freecol.common.networking.LootCargoMessage,17,4,2,0,28,13
net.sf.freecol.common.networking.Message,141,0,16,1,76,65
net.sf.freecol.common.networking.Message.MessagePriority,90,n/a,3,n/a,4,2
net.sf.freecol.common.networking.MessageHandler,n/a,n/a,n/a,n/a,2,n/a
net.sf.freecol.common.networking.MissionaryMessage,21,3,3,0,23,14
net.sf.freecol.common.networking.MonarchActionMessage,16,4,2,0,32,21
net.sf.freecol.common.networking.MoveMessage,18,3,3,0,17,6
net.sf.freecol.common.networking.MoveToMessage,15,3,3,0,16,6
net.sf.freecol.common.networking.MultipleMessage,15,3,1,0,31,32
net.sf.freecol.common.networking.NationSummaryMessage,17,4,2,0,30,13
net.sf.freecol.common.networking.NativeGiftMessage,15,3,4,0,14,6
net.sf.freecol.common.networking.NativeTradeMessage,22,4,2,0,33,17
net.sf.freecol.common.networking.NetworkReplyObject,2,0,2,0,5,8
net.sf.freecol.common.networking.NewLandNameMessage,18,3,2,0,25,12
net.sf.freecol.common.networking.NewRegionNameMessage,19,3,2,0,29,14
net.sf.freecol.common.networking.NewTradeRouteMessage,16,4,5,0,22,12
net.sf.freecol.common.networking.NewTurnMessage,11,3,3,0,12,7
net.sf.freecol.common.networking.ObjectMessage,24,3,1,21,12,10
net.sf.freecol.common.networking.PartialMessage,12,3,3,0,16,8
net.sf.freecol.common.networking.PayArrearsMessage,13,3,3,0,13,5
net.sf.freecol.common.networking.PayForBuildingMessage,13,3,3,0,12,5
net.sf.freecol.common.networking.PutOutsideColonyMessage,14,3,3,0,15,7
net.sf.freecol.common.networking.QuestionMessage,7,4,0,0,4,2
net.sf.freecol.common.networking.ReadyMessage,14,3,2,0,17,10
net.sf.freecol.common.networking.RearrangeColonyMessage,18,3,3,0,32,19
net.sf.freecol.common.networking.RearrangeColonyMessage.Arrangement,10,0,7,0,27,17
net.sf.freecol.common.networking.ReceivingThread,10,0,2,0,24,29
net.sf.freecol.common.networking.ReceivingThread.QuestionThread,5,0,1,0,6,3
net.sf.freecol.common.networking.ReceivingThread.UpdateThread,4,0,1,0,5,3
net.sf.freecol.common.networking.ReconnectMessage,8,2,2,0,9,4
net.sf.freecol.common.networking.RegisterServerMessage,6,4,0,0,4,2
net.sf.freecol.common.networking.RemoveMessage,13,3,3,0,21,11
net.sf.freecol.common.networking.RemoveServerMessage,6,4,0,0,4,2
net.sf.freecol.common.networking.RenameMessage,14,3,3,0,13,6
net.sf.freecol.common.networking.ReplyMessage,7,4,0,0,4,2
net.sf.freecol.common.networking.RequestLaunchMessage,8,2,1,0,7,3
net.sf.freecol.common.networking.RetireMessage,8,2,1,0,7,3
net.sf.freecol.common.networking.ScoutIndianSettlementMessage,21,3,3,0,19,8
net.sf.freecol.common.networking.ScoutSpeakToChiefMessage,21,3,4,0,29,13
net.sf.freecol.common.networking.ServerAPI,114,0,4,2,164,89
net.sf.freecol.common.networking.ServerInfoMessage,10,3,1,3,20,6
net.sf.freecol.common.networking.ServerListMessage,10,4,1,0,14,9
net.sf.freecol.common.networking.SetAIMessage,12,3,2,0,17,9
net.sf.freecol.common.networking.SetAvailableMessage,16,3,2,0,18,8
net.sf.freecol.common.networking.SetBuildQueueMessage,16,3,3,0,24,8
net.sf.freecol.common.networking.SetColorMessage,16,3,2,0,21,12
net.sf.freecol.common.networking.SetCurrentPlayerMessage,13,3,2,0,18,8
net.sf.freecol.common.networking.SetCurrentStopMessage,15,3,2,0,13,6
net.sf.freecol.common.networking.SetDeadMessage,12,3,3,0,15,7
net.sf.freecol.common.networking.SetDestinationMessage,14,3,2,0,14,6
net.sf.freecol.common.networking.SetGoodsLevelsMessage,16,4,3,0,21,10
net.sf.freecol.common.networking.SetNationMessage,19,3,2,0,27,15
net.sf.freecol.common.networking.SetNationTypeMessage,20,3,3,0,28,14
net.sf.freecol.common.networking.SetStanceMessage,13,3,3,0,16,10
net.sf.freecol.common.networking.SpySettlementMessage,25,4,3,0,41,18
net.sf.freecol.common.networking.StartGameMessage,8,2,2,0,8,4
net.sf.freecol.common.networking.TrainUnitInEuropeMessage,14,3,3,0,14,6
net.sf.freecol.common.networking.TrivialMessage,26,1,8,9,30,22
net.sf.freecol.common.networking.UnloadGoodsMessage,16,3,3,0,17,9
net.sf.freecol.common.networking.UpdateGameOptionsMessage,17,4,2,0,24,14
net.sf.freecol.common.networking.UpdateMapGeneratorOptionsMessage,17,4,2,0,23,14
net.sf.freecol.common.networking.UpdateMessage,17,4,5,0,26,14
net.sf.freecol.common.networking.UpdateServerMessage,6,4,0,0,4,2
net.sf.freecol.common.networking.UpdateTradeRouteMessage,13,4,2,0,16,9
net.sf.freecol.common.networking.VacantPlayersMessage,11,3,4,0,15,8
net.sf.freecol.common.networking.WorkMessage,16,3,3,0,21,10
net.sf.freecol.common.networking.WrapperMessage,15,3,1,2,22,16
net.sf.freecol.common.option.AbstractOption,26,2,4,12,43,35
net.sf.freecol.common.option.AbstractUnitOption,15,3,3,0,55,41
net.sf.freecol.common.option.AudioMixerOption,13,3,3,0,21,17
net.sf.freecol.common.option.AudioMixerOption.MixerWrapper,4,0,2,0,7,10
net.sf.freecol.common.option.BooleanOption,11,3,3,0,16,11
net.sf.freecol.common.option.FileOption,11,3,3,0,20,21
net.sf.freecol.common.option.GameOptions,49,0,1,0,1,1
net.sf.freecol.common.option.IntegerOption,25,3,2,2,31,27
net.sf.freecol.common.option.LanguageOption,12,3,3,0,21,17
net.sf.freecol.common.option.LanguageOption.Language,7,0,3,0,13,13
net.sf.freecol.common.option.ListOption,9,3,2,2,39,35
net.sf.freecol.common.option.MapGeneratorOptions,11,0,1,0,1,1
net.sf.freecol.common.option.ModListOption,8,4,2,0,11,4
net.sf.freecol.common.option.ModOption,10,3,4,0,23,18
net.sf.freecol.common.option.Option,n/a,n/a,n/a,n/a,9,n/a
net.sf.freecol.common.option.OptionContainer,n/a,n/a,n/a,n/a,24,n/a
net.sf.freecol.common.option.OptionGroup,45,3,8,2,66,75
net.sf.freecol.common.option.PercentageOption,11,4,1,0,10,4
net.sf.freecol.common.option.RangeOption,9,5,4,0,11,10
net.sf.freecol.common.option.SelectOption,13,4,2,1,34,22
net.sf.freecol.common.option.StringOption,12,3,2,0,29,20
net.sf.freecol.common.option.TextOption,10,3,3,0,17,11
net.sf.freecol.common.option.UnitListOption,8,4,2,0,10,4
net.sf.freecol.common.option.UnitTypeOption,11,3,3,0,37,35
net.sf.freecol.common.option.UnitTypeOption.TypeSelector,2,n/a,2,n/a,2,0
net.sf.freecol.common.resources.AudioResource,6,1,2,0,6,7
net.sf.freecol.common.resources.ColorResource,4,1,3,0,8,10
net.sf.freecol.common.resources.FAFile,7,0,1,0,7,30
net.sf.freecol.common.resources.FAFile.CREatingInputStream,1,0,1,0,2,3
net.sf.freecol.common.resources.FAFile.FALetter,1,0,0,0,0,0
net.sf.freecol.common.resources.FAFile.FAName,1,0,0,0,0,0
net.sf.freecol.common.resources.FAFileResource,5,1,2,0,7,4
net.sf.freecol.common.resources.FontResource,4,1,2,0,7,7
net.sf.freecol.common.resources.ImageCache,11,0,1,0,20,28
net.sf.freecol.common.resources.ImageResource,15,1,1,0,26,43
net.sf.freecol.common.resources.PropertyList,3,0,1,0,4,7
net.sf.freecol.common.resources.Resource,16,0,3,8,5,4
net.sf.freecol.common.resources.Resource.Cleanable,n/a,n/a,n/a,n/a,1,n/a
net.sf.freecol.common.resources.ResourceFactory,10,0,1,0,9,15
net.sf.freecol.common.resources.ResourceManager,39,0,1,0,56,61
net.sf.freecol.common.resources.ResourceMapping,14,0,2,0,20,42
net.sf.freecol.common.resources.ResourceMapping.PreloadController,n/a,n/a,n/a,n/a,1,n/a
net.sf.freecol.common.resources.ResourceMapping.ResourceType,1,0,1,0,2,3
net.sf.freecol.common.resources.SZAResource,5,1,1,0,6,6
net.sf.freecol.common.resources.StringResource,5,1,2,0,4,5
net.sf.freecol.common.resources.Video,5,0,1,0,2,2
net.sf.freecol.common.resources.VideoResource,5,1,2,0,5,3
net.sf.freecol.common.sound.OggVorbisDecoderFactory,3,0,1,0,4,2
net.sf.freecol.common.sound.OggVorbisDecoderFactory.OggStream,3,0,3,0,44,61
net.sf.freecol.common.sound.OggVorbisDecoderFactory.OggVorbisAudioInputStream,2,0,1,0,19,11
net.sf.freecol.common.sound.SoundPlayer,10,0,4,0,20,20
net.sf.freecol.common.sound.SoundPlayer.SoundPlayerThread,6,0,1,0,16,14
net.sf.freecol.common.util.CachingFunction,3,0,1,0,2,3
net.sf.freecol.common.util.CollectionUtils,168,0,45,0,177,269
net.sf.freecol.common.util.ImageUtils,29,0,11,0,13,25
net.sf.freecol.common.util.Introspector,10,0,7,0,21,30
net.sf.freecol.common.util.Introspector.IntrospectorException,7,0,0,0,2,2
net.sf.freecol.common.util.LogBuilder,94,0,1,0,16,42
net.sf.freecol.common.util.OSUtils,5,0,1,0,6,9
net.sf.freecol.common.util.RandomChoice,24,0,2,0,9,16
net.sf.freecol.common.util.RandomUtils,30,0,6,0,8,19
net.sf.freecol.common.util.RandomUtils.RandomIntCache,4,0,1,0,5,5
net.sf.freecol.common.util.StringUtils,56,0,9,0,15,43
net.sf.freecol.common.util.Utils,66,0,7,0,21,40
net.sf.freecol.metaserver.MetaRegister,6,0,1,0,18,20
net.sf.freecol.metaserver.MetaServer,4,0,2,0,15,10
net.sf.freecol.metaserver.MetaServerHandler,14,0,2,0,25,15
net.sf.freecol.server.FreeColServer,182,0,1,0,210,125
net.sf.freecol.server.FreeColServer.ServerState,10,n/a,3,n/a,4,2
net.sf.freecol.server.ai.AIColony,65,2,2,0,238,215
net.sf.freecol.server.ai.AIGoods,34,4,4,0,92,68
net.sf.freecol.server.ai.AIInGameInputHandler,9,1,2,0,12,7
net.sf.freecol.server.ai.AIMain,67,1,2,0,87,88
net.sf.freecol.server.ai.AIMessage,42,0,38,0,81,38
net.sf.freecol.server.ai.AIObject,41,1,5,5,29,19
net.sf.freecol.server.ai.AIPlayer,90,2,9,1,100,58
net.sf.freecol.server.ai.AIServerAPI,3,1,2,0,7,6
net.sf.freecol.server.ai.AIUnit,67,4,4,0,181,155
net.sf.freecol.server.ai.Cargo,25,0,1,0,91,83
net.sf.freecol.server.ai.Cargo.CargoMode,3,n/a,3,n/a,3,1
net.sf.freecol.server.ai.Cargo.CargoPlan,8,0,1,0,17,15
net.sf.freecol.server.ai.ColonyPlan,35,0,1,0,136,218
net.sf.freecol.server.ai.ColonyPlan.BuildPlan,3,0,1,0,4,3
net.sf.freecol.server.ai.ColonyPlan.ProfileType,1,n/a,3,n/a,3,5
net.sf.freecol.server.ai.EuropeanAIPlayer,99,4,7,1,385,525
net.sf.freecol.server.ai.GoodsWish,21,4,4,0,47,25
net.sf.freecol.server.ai.MissionAIPlayer,30,3,8,2,62,53
net.sf.freecol.server.ai.NativeAIPlayer,57,4,6,0,161,165
net.sf.freecol.server.ai.REFAIPlayer,39,5,3,0,115,135
net.sf.freecol.server.ai.REFAIPlayer.REFNavyGoalDecider,7,0,3,0,10,5
net.sf.freecol.server.ai.REFAIPlayer.TargetTuple,5,0,1,0,6,8
net.sf.freecol.server.ai.TileImprovementPlan,21,3,1,0,61,36
net.sf.freecol.server.ai.TransportableAIObject,27,3,14,2,48,30
net.sf.freecol.server.ai.ValuedAIObject,13,2,1,3,18,10
net.sf.freecol.server.ai.Wish,22,3,3,2,37,21
net.sf.freecol.server.ai.WorkLocationPlan,8,2,2,0,12,8
net.sf.freecol.server.ai.WorkerWish,20,4,3,0,44,24
net.sf.freecol.server.ai.military.DefensiveMap,17,0,3,0,39,26
net.sf.freecol.server.ai.military.DefensiveMap.SearchNode,3,0,2,0,3,3
net.sf.freecol.server.ai.military.DefensiveZone,10,0,4,0,23,23
net.sf.freecol.server.ai.military.MilitaryCoordinator,20,0,2,0,63,71
net.sf.freecol.server.ai.mission.BuildColonyMission,29,3,3,0,93,78
net.sf.freecol.server.ai.mission.CashInTreasureTrainMission,25,3,3,0,77,62
net.sf.freecol.server.ai.mission.DefendSettlementMission,32,3,3,0,83,65
net.sf.freecol.server.ai.mission.EscortUnitMission,16,3,4,0,44,36
net.sf.freecol.server.ai.mission.IdleAtSettlementMission,13,3,5,0,30,22
net.sf.freecol.server.ai.mission.IndianBringGiftMission,25,3,3,0,59,49
net.sf.freecol.server.ai.mission.IndianDemandMission,36,3,3,0,84,69
net.sf.freecol.server.ai.mission.Mission,62,2,11,17,132,133
net.sf.freecol.server.ai.mission.MissionaryMission,27,3,3,0,74,63
net.sf.freecol.server.ai.mission.PioneeringMission,38,3,3,0,118,119
net.sf.freecol.server.ai.mission.PrivateerMission,29,3,3,0,82,73
net.sf.freecol.server.ai.mission.ScoutingMission,32,3,3,0,88,79
net.sf.freecol.server.ai.mission.TransportMission,42,3,4,0,195,257
net.sf.freecol.server.ai.mission.TransportMission.CargoResult,1,n/a,2,n/a,2,0
net.sf.freecol.server.ai.mission.UnitSeekAndDestroyMission,33,3,3,0,95,82
net.sf.freecol.server.ai.mission.UnitWanderHostileMission,15,3,6,0,30,20
net.sf.freecol.server.ai.mission.UnitWanderMission,7,3,6,0,15,10
net.sf.freecol.server.ai.mission.WishRealizationMission,20,3,4,0,49,32
net.sf.freecol.server.ai.mission.WorkInsideColonyMission,15,3,3,0,35,24
net.sf.freecol.server.control.Controller,8,1,1,2,6,3
net.sf.freecol.server.control.FreeColServerHolder,8,0,1,4,4,3
net.sf.freecol.server.control.InGameController,189,2,38,0,530,398
net.sf.freecol.server.control.PreGameController,24,2,9,0,46,18
net.sf.freecol.server.control.ServerInputHandler,10,1,2,0,17,6
net.sf.freecol.server.control.UserConnectionHandler,11,1,2,0,14,7
net.sf.freecol.server.generator.ColonizationMapLoader,11,0,1,0,13,15
net.sf.freecol.server.generator.FreeColMapLoader,18,0,1,0,40,15
net.sf.freecol.server.generator.MapGenerator,n/a,n/a,n/a,n/a,2,n/a
net.sf.freecol.server.generator.MapLayerGenerator,n/a,n/a,n/a,n/a,2,n/a
net.sf.freecol.server.generator.MapLoader,n/a,n/a,n/a,n/a,2,n/a
net.sf.freecol.server.generator.River,17,0,1,0,43,44
net.sf.freecol.server.generator.River.DirectionChange,2,n/a,3,n/a,3,14
net.sf.freecol.server.generator.RiverSection,5,0,2,0,10,13
net.sf.freecol.server.generator.SimpleMapGenerator,61,0,2,0,186,148
net.sf.freecol.server.generator.SimpleMapGenerator.Territory,5,0,1,0,6,5
net.sf.freecol.server.generator.TerrainGenerator,31,0,1,0,109,136
net.sf.freecol.server.model.DiplomacySession,17,2,3,0,45,32
net.sf.freecol.server.model.LootSession,6,1,2,0,6,3
net.sf.freecol.server.model.MonarchSession,8,1,1,0,18,18
net.sf.freecol.server.model.NativeDemandSession,15,2,1,0,22,13
net.sf.freecol.server.model.NativeTradeSession,6,1,2,0,20,6
net.sf.freecol.server.model.ServerBuilding,35,5,2,0,52,26
net.sf.freecol.server.model.ServerColony,57,6,3,0,177,118
net.sf.freecol.server.model.ServerColonyTile,21,5,1,0,33,10
net.sf.freecol.server.model.ServerEurope,27,4,5,0,59,30
net.sf.freecol.server.model.ServerGame,57,3,5,0,133,85
net.sf.freecol.server.model.ServerIndianSettlement,42,6,2,0,125,52
net.sf.freecol.server.model.ServerPlayer,208,3,7,0,560,602
net.sf.freecol.server.model.ServerPlayer.DeadCheck,3,n/a,2,n/a,2,0
net.sf.freecol.server.model.ServerRegion,24,3,2,0,59,72
net.sf.freecol.server.model.ServerUnit,121,5,2,0,229,140
net.sf.freecol.server.model.Session,13,0,2,4,15,19
net.sf.freecol.server.model.TimedSession,4,1,2,2,6,5
net.sf.freecol.server.model.TurnTaker,n/a,n/a,n/a,n/a,1,n/a
net.sf.freecol.server.networking.DummyConnection,5,1,1,0,12,10
net.sf.freecol.server.networking.Server,7,0,3,0,21,23
net.sf.freecol.tools.ColonizationMapReader,1,0,1,0,1,15
net.sf.freecol.tools.ColonizationSaveGameReader,4,0,2,0,11,7
net.sf.freecol.tools.ColonizationSaveGameReader.Colonist,1,0,1,0,2,3
net.sf.freecol.tools.ColonizationSaveGameReader.ColonyData,2,0,1,0,5,6
net.sf.freecol.tools.ColonizationSaveGameReader.GameData,1,0,1,0,3,3
net.sf.freecol.tools.ColonizationSaveGameReader.PlayerData,1,0,1,0,3,3
net.sf.freecol.tools.DesktopEntry,1,0,1,0,3,12
net.sf.freecol.tools.FSGConverter,2,0,1,0,7,23
net.sf.freecol.tools.FlagTest,8,0,3,0,28,21
net.sf.freecol.tools.ForestMaker,2,0,1,0,2,22
net.sf.freecol.tools.ForestMaker.ImageLocation,1,0,1,0,4,6
net.sf.freecol.tools.GenerateDocumentation,4,0,3,0,13,20
net.sf.freecol.tools.InstallerTranslations,2,0,1,0,4,17
net.sf.freecol.tools.MapConverter,7,0,1,0,10,4
net.sf.freecol.tools.MergeTranslations,2,0,1,0,5,14
net.sf.freecol.tools.RiverMaker,1,0,1,0,4,16
net.sf.freecol.tools.SaveGameValidator,2,0,1,0,4,6
net.sf.freecol.tools.Texture2Tile,2,0,1,0,17,18
net.sf.freecol.tools.TranslationReport,2,0,1,0,5,39
net.sf.freecol.tools.TranslationReport.LanguageStatsRecord,1,0,0,0,0,0

